"Gatwick, Surrey"
Rinas
Stuttgart
Ivalo
Radom
Kazan
Cardiff
Syktyvkar
Vila Baleira
Vigo
Saint-Étienne-de-Saint-Geoirs
Umeå
Sevilla
Innsbruck
Bolzano (BZ)
Vila do Porto
Kjevik
Nizhny Novgorod
Minsk
Timişoara
Łódź
Tours/Val de Loire (Loire Valley)
Rovaniemi
Girona
Lesquin
Newcastle
Pamplona
Trondheim
Dubrave Gornje
Charleroi
Geneva
Bremen
St. Petersburg
Kaunas
Marseille
Ohrid
Debrecen
Valletta
Naryan Mar
Čilipi
Dresden
Zakynthos
Nantes
Astrakhan
Murmansk
Bragança
Luleå
Madrid
Ponta Delgada
Beslan
Memmingen
Santorini Island
Viseu
Stavropol
Aalborg
Nice
Chios Island
Schkeuditz
Rome
Stockholm
Béziers/Vias
Napoli
Grâce-Hollogne
Nyköping
Pisa
Wrocław
Krasnyi Kurgan
Bristol
Cluj-Napoca
Crotone
Helsinki
Faro
Gibraltar
Lamezia Terme (CZ)
"Southend-on-Sea, Essex"
Edinburgh
Granada
Culleredo
Maastricht
Liverpool
Kavala
Castletown
Brindisi
Tillé
Rhodes
Torp
Izhevsk
Florø
Gdańsk
Bari
Mykonos
Alghero
Oradea
"Stornoway, Western Isles"
Treviso (TV)
Ålesund
Frankfurt am Main (Lautzenhausen)
Moscow
Eindhoven
Alicante
Souda
Porto
Ioannina
Calvi/Sainte-Catherine
Split
Ranón
Orio al Serio (BG)
Málaga
Cheboksary
Magnitogorsk
Copenhagen
Krasnoyarsk
Kuopio / Siilinjärvi
Ancona
Luxembourg
Rotterdam
Jasionka
Bugulma
Evenes
Ożarowice
Billund
Saint Peter Port
Düsseldorf
Zurich
Paris
Castellón de la Plana
Vienna
Mahón (Maó)
Hondarribia
Catania
London
Tromsø
Bydgoszcz
Nottingham
Saint Helier
Zaventem
Otopeni
Saint-Louis
Perugia
Lublin
Hadsel
Hamburg
Chelyabinsk
Burgas
Aarhus
El Matorral
Sibiu
Olbia (SS)
Vaasa
Cagliari
Newquay
Almería
Kuusamo
Stavanger
Frankfurt am Main
Praia da Vitória
Alexandroupolis
Samos Island
Barcelona
Krasnodar
Sarajevo
Pico Island
Ronchi dei Legionari (GO)
Klagenfurt am Wörthersee
Viviers-du-Lac
Voronezh
Ferno (VA)
Vadsø
Tivat
Bordeaux/Mérignac
Vágar
Craiova
Kaluga
Grozny
Košice
Oslo
Prishtina
Bastia/Poretta
Mytilene
Nuremberg
Sofia
Bratislava
Karmøy
Segrate (MI)
"Sta Cruz de la Palma, La Palma Island"
Penza
Kerkyra (Corfu)
Caselle (VR)
Brønnøy
Olsztyn
Archangelsk
Budapest
Toulouse/Blagnac
Leknes
Figari Sud-Corse
Parma (PR)
Valencia
Riga
Malmö
Salzburg
Bacău
Oulu / Oulunsalo
Jerez de la Frontera
Ilinden
Varna
Vilnius
Mosjøen
Tampere / Pirkkala
Zagreb
Petrozavodsk
Svolvær
Weeze
Cherepovets
Kos Island
Ajaccio/Napoléon Bonaparte
Kaliningrad
Orsk
"Norwich, Norfolk"
Orenburg
Warsaw
Crete Island
Venezia (VE)
Kirkenes
Chişinău
Cascais
Sochi
Podgorica
San Bartolomé
Birmingham
"Luton, Bedfordshire"
Palanga
Munich
Suceava
Thessaloniki
Bodø
Saint Anne
Belfast
Iaşi
Simferopol
Chita
Makhachkala
Bologna
Pskov
Bournemouth
Ivanovo
Leeds
Dortmund
Palermo
Goleniow
Santiago de Compostela
Spata-Artemida
Corvera
Tallinn
Prague
Amsterdam
"Paisley, Renfrewshire"
Pula
Hannover
Kittilä
Melilla
Lyon
Perm
Caselle Torinese (TO)
Aberdeen
Inverness
Greven
Montpellier/Méditerranée
Novokuznetsk
Feldkirchen bei Graz
Lisbon
Santander
Pescara
Kirov
Zgornji Brnik
Bilbao
Balice
Southampton
Gothenburg
Genova (GE)
Ibiza (Eivissa)
Firenze
Nizhnekamsk
Mineralnyye Vody
Zaragoza
Rheinmünster
Niš
Reggio Calabria
Funchal
Belgrade
Gelendzhik
Vila Real
Samara
Banja Luka
Tarbes/Lourdes/Pyrénées
Volgograd
Ulyanovsk
Andenes
Poznań
Köln (Cologne)
Sabetta
Bergen
Ufa
Manchester
Horta
