tra_infr,unit,geo\time	2000 	2001 	2002 	2003 	2004 	2005 	2006 	2007 	2008 	2009 	2010 	2011 	2012 	2013 	2014 	2015 	2016 	2017 	2018 	2019 	2020 	2021 
MWAY,NR,AT	126 	156 	126 	106 	118 	89 	74 	74 	71 	61 	59 	46 	50 	31 	36 	41 	34 	45 	28 	29 	26 	33 
MWAY,NR,BE	236 	192 	171 	140 	125 	161 	164 	153 	139 	150 	109 	130 	113 	128 	108 	110 	102 	98 	102 	116 	86 	81 
MWAY,NR,BG	: 	: 	: 	: 	: 	: 	: 	: 	38 	36 	37 	36 	20 	20 	39 	60 	42 	62 	58 	45 	35 	75 
MWAY,NR,CH	: 	71 	76 	58 	51 	25 	31 	47 	27 	34 	23 	22 	63 	23 	12 	21 	19 	25 	19 	24 	18 	15 
MWAY,NR,CY	: 	: 	: 	: 	: 	13 	9 	13 	7 	7 	8 	7 	3 	2 	3 	6 	1 	5 	8 	3 	4 	: 
MWAY,NR,CZ	45 	43 	53 	48 	58 	45 	37 	48 	30 	25 	28 	21 	22 	25 	23 	31 	40 	25 	35 	31 	32 	22 
MWAY,NR,DE	907 	770 	857 	811 	694 	662 	645 	602 	495 	475 	430 	453 	387 	428 	375 	414 	393 	409 	424 	356 	317 	318 
MWAY,NR,DK	29 	38 	48 	31 	27 	31 	16 	24 	31 	24 	26 	12 	8 	12 	14 	16 	25 	12 	21 	14 	14 	11 
MWAY,NR,EL	61 	86 	69 	58 	116 	111 	147 	140 	120 	108 	87 	81 	57 	79 	56 	53 	45 	54 	61 	50 	34 	38 
MWAY,NR,ES	347 	1138 	1096 	1056 	915 	841 	759 	601 	478 	453 	405 	335 	297 	290 	289 	277 	327 	308 	323 	340 	224 	316 
MWAY,NR,EU27_2020	3456 	4058 	4136 	3873 	3354 	3122 	3075 	2911 	2420 	2340 	2197 	2041 	1830 	1863 	1745 	1926 	1920 	1977 	2020 	1932 p	1468 p	1728 p
MWAY,NR,FI	13 	11 	16 	7 	17 	10 	17 	14 	9 	12 	4 	11 	13 	8 	8 	6 	7 	8 	5 	6 	9 	8 
MWAY,NR,FR	517 	482 	518 	432 	307 	323 	292 	273 	233 	225 	238 	268 	222 	238 	220 	297 	267 	281 	268 	260 	196 	243 
MWAY,NR,HR	: 	: 	: 	: 	: 	: 	: 	65 	67 	43 	33 	23 	42 	38 	22 	16 	34 	22 	28 	18 	19 	36 
MWAY,NR,HU	: 	: 	: 	58 	60 	47 	55 	61 	54 	38 	44 	49 	31 	30 	27 	34 	37 	34 	46 	48 	35 	58 
MWAY,NR,IE	4 	4 	5 	8 	6 	2 	11 	10 	2 	4 	8 	9 	5 	8 	5 	7 	6 	4 	9 	: 	: 	: 
MWAY,NR,IT	764 	773 	801 	711 	648 	577 	590 	526 	452 	350 	376 	338 	330 	321 	287 	305 	274 	296 	330 	310 	195 	246 
MWAY,NR,LT	: 	: 	: 	: 	: 	: 	: 	: 	: 	: 	: 	: 	: 	: 	: 	: 	37 	12 	4 	6 	4 	10 
MWAY,NR,LU	9 	7 	12 	6 	7 	4 	6 	11 	6 	36 	29 	4 	7 	6 	3 	3 	5 	3 	9 	3 	6 	1 
MWAY,NR,NL	138 	124 	123 	151 	: 	: 	: 	: 	: 	83 	63 	43 	68 	57 	57 	79 	77 	82 	76 	75 	55 	47 
MWAY,NR,PL	44 	57 	40 	36 	35 	32 	55 	53 	35 	43 	28 	37 	44 	40 	56 	61 	50 	70 	52 	70 	55 	74 
MWAY,NR,PT	123 	110 	110 	122 	112 	93 	78 	125 	90 	84 	111 	84 	58 	44 	50 	61 	38 	51 	57 	67 	59 	44 
MWAY,NR,RO	11 	6 	10 	12 	16 	20 	46 	41 	21 	25 	18 	16 	17 	24 	21 	19 	26 	36 	24 	43 	33 	40 
MWAY,NR,SE	25 	30 	27 	30 	36 	20 	26 	21 	15 	19 	23 	18 	16 	18 	31 	15 	17 	20 	24 	20 	6 	: 
MWAY,NR,SI	57 	24 	35 	34 	37 	20 	33 	37 	13 	30 	19 	20 	20 	16 	15 	15 	25 	19 	14 	14 	6 	15 
MWAY,NR,SK	: 	7 	19 	16 	20 	21 	15 	19 	14 	9 	14 	: 	: 	: 	: 	: 	11 	21 	14 	8 	18 	12 
MWAY,NR,UK	188 	198 	226 	215 	164 	203 	185 	184 	157 	131 	112 	99 	84 	93 	81 	93 	91 	82 	99 	: 	: 	: 
MWAY,RT,AT	1.6 	1.9 	1.6 	1.3 	1.4 	1.1 	0.9 	0.9 	0.9 	0.7 	0.7 	0.5 	0.6 	0.4 	0.4 	0.5 	0.4 	0.5 	0.3 	0.3 	0.3 	0.4 
MWAY,RT,BE	2.3 	1.9 	1.7 	1.3 	1.2 	1.5 	1.6 	1.4 	1.3 	1.4 	1.0 	1.2 b	1.0 b	1.1 	1.0 	1.0 	0.9 	0.9 	0.9 	1.0 	0.7 	0.7 
MWAY,RT,BG	: 	: 	: 	: 	: 	: 	: 	: 	0.5 	0.5 	0.5 	0.5 	0.3 	0.3 	0.5 	0.8 	0.6 	0.9 	0.8 	0.6 	0.5 	1.1 
MWAY,RT,CH	: 	1.0 	1.0 	0.8 	0.7 	0.3 	0.4 	0.6 	0.4 	0.4 	0.3 	0.3 b	0.8 	0.3 	0.1 	0.3 	0.2 	0.3 	0.2 	0.3 	0.2 	0.2 
MWAY,RT,CY	: 	: 	: 	: 	: 	1.8 	1.2 	1.7 	0.9 	0.9 	1.0 	0.8 	0.3 	0.2 	0.4 	0.7 	0.1 	0.6 	0.9 	0.3 	0.4 	: 
MWAY,RT,CZ	0.4 	0.4 	0.5 	0.5 	0.6 	0.4 	0.4 	0.5 	0.3 	0.2 	0.3 	0.2 	0.2 	0.2 	0.2 	0.3 	0.4 	0.2 	0.3 	0.3 	0.3 	0.2 b
MWAY,RT,DE	1.1 	0.9 	1.0 	1.0 	0.8 	0.8 	0.8 	0.7 	0.6 	0.6 	0.5 	0.6 b	0.5 	0.5 	0.5 	0.5 	0.5 	0.5 	0.5 	0.4 	0.4 	0.4 
MWAY,RT,DK	0.5 	0.7 	0.9 	0.6 	0.5 	0.6 	0.3 	0.4 	0.6 	0.4 	0.5 	0.2 	0.1 	0.2 	0.2 	0.3 	0.4 	0.2 	0.4 	0.2 	0.2 	0.2 
MWAY,RT,EL	0.6 	0.8 	0.6 	0.5 	1.1 	1.0 	1.3 	1.3 	1.1 	1.0 	0.8 	0.7 	0.5 	0.7 	0.5 	0.5 	0.4 	0.5 	0.6 	0.5 	0.3 	0.4 
MWAY,RT,ES	0.9 	2.8 	2.6 	2.5 	2.1 	1.9 	1.7 	1.3 	1.0 	1.0 	0.9 	0.7 	0.6 	0.6 	0.6 	0.6 	0.7 	0.7 	0.7 	0.7 	0.5 	0.7 
MWAY,RT,EU27_2020	0.8 b	0.9 b	1.0 	0.9 	0.8 	0.7 	0.7 	0.7 	0.6 b	0.5 	0.5 b	0.5 b	0.4 b	0.4 	0.4 b	0.4 b	0.4 	0.4 b	0.5 e	0.4 bep	0.3 ep	0.4 bep
MWAY,RT,FI	0.3 	0.2 	0.3 	0.1 	0.3 	0.2 	0.3 	0.3 	0.2 	0.2 	0.1 	0.2 	0.2 	0.1 	0.1 	0.1 	0.1 	0.1 	0.1 	0.1 	0.2 	0.1 
MWAY,RT,FR	0.9 	0.8 	0.8 	0.7 	0.5 	0.5 	0.5 	0.4 	0.4 	0.3 	0.4 	0.4 	0.3 	0.4 	0.3 b	0.4 	0.4 	0.4 	0.4 	0.4 p	0.3 p	0.4 p
MWAY,RT,HR	: 	: 	: 	: 	: 	: 	: 	1.5 	1.6 	1.0 	0.8 	0.5 	1.0 	0.9 	0.5 	0.4 	0.8 	0.5 	0.7 	0.4 	0.5 	0.9 
MWAY,RT,HU	: 	: 	: 	0.6 	0.6 	0.5 	0.5 	0.6 	0.5 	0.4 	0.4 	0.5 	0.3 b	0.3 	0.3 	0.3 	0.4 	0.3 	0.5 	0.5 	0.4 	0.6 
MWAY,RT,IE	0.1 	0.1 	0.1 	0.2 	0.1 	0.0 	0.3 	0.2 	0.0 	0.1 	0.2 	0.2 	0.1 	0.2 	0.1 	0.1 	0.1 	0.1 	0.2 e	: 	: 	: 
MWAY,RT,IT	1.3 	1.4 	1.4 	1.2 	1.1 	1.0 	1.0 	0.9 	0.8 	0.6 	0.6 	0.6 	0.6 	0.5 	0.5 	0.5 	0.5 	0.5 	0.5 	0.5 b	0.3 	0.4 
MWAY,RT,LT	: 	: 	: 	: 	: 	: 	: 	: 	: 	: 	: 	: 	: 	: 	: 	: 	1.3 	0.4 	0.1 	0.2 	0.1 	0.4 
MWAY,RT,LU	2.1 	1.6 	2.7 	1.3 	1.5 	0.9 	1.3 	2.3 	1.2 	7.2 	5.7 	0.8 	1.3 b	1.1 	0.5 	0.5 	0.9 	0.5 b	1.5 	0.5 	1.0 	0.2 
MWAY,RT,NL	0.9 	0.8 	0.8 	0.9 	: 	: 	: 	: 	: 	0.5 	0.4 	0.3 	0.4 	0.3 	0.3 	0.5 	0.5 	0.5 	0.4 	0.4 	0.3 	0.3 
MWAY,RT,PL	0.1 b	0.1 	0.1 	0.1 	0.1 	0.1 	0.1 	0.1 	0.1 	0.1 	0.1 b	0.1 	0.1 	0.1 	0.1 	0.2 	0.1 	0.2 	0.1 e	0.2 e	0.1 ep	0.2 ep
MWAY,RT,PT	1.2 	1.1 	1.1 	1.2 	1.1 	0.9 	0.7 	1.2 	0.9 	0.8 	1.0 	0.8 	0.6 	0.4 	0.5 	0.6 	0.4 	0.5 	0.6 	0.7 	0.6 	0.4 bp
MWAY,RT,RO	0.0 	0.0 	0.0 	0.1 	0.1 	0.1 	0.2 	0.2 	0.1 	0.1 	0.1 	0.1 	0.1 	0.1 	0.1 	0.1 	0.1 	0.2 	0.1 	0.2 e	0.2 e	0.2 e
MWAY,RT,SE	0.3 	0.3 	0.3 	0.3 	0.4 	0.2 	0.3 	0.2 	0.2 	0.2 	0.2 	0.2 	0.2 	0.2 	0.3 	0.2 	0.2 	0.2 	0.2 	0.2 	0.1 	: 
MWAY,RT,SI	2.9 	1.2 	1.8 	1.7 	1.9 	1.0 	1.6 	1.8 	0.6 b	1.5 	0.9 	1.0 	1.0 	0.8 	0.7 	0.7 	1.2 	0.9 	0.7 	0.7 	0.3 	0.7 
MWAY,RT,SK	: 	0.1 	0.4 	0.3 	0.4 	0.4 	0.3 	0.4 	0.3 	0.2 	0.3 	: 	: 	: 	: 	: 	0.2 	0.4 	0.3 	0.1 	0.3 	0.2 
MWAY,RT,UK	0.3 	0.3 	0.4 	0.4 	0.3 	0.3 	0.3 	0.3 	0.3 	0.2 	0.2 	0.2 	0.1 	0.1 	0.1 	0.1 	0.1 	0.1 	0.1 	: 	: 	: 
RD_RUR,NR,AT	633 	586 	565 	602 	528 	477 	456 	444 	419 	399 	352 	338 	330 	309 	271 	310 	288 	262 	279 	283 	229 	230 
RD_RUR,NR,BE	831 	841 	782 	723 	742 	673 	640 	643 	531 	537 	464 	459 	456 	429 	397 	415 	371 	307 	305 	312 	232 	256 
RD_RUR,NR,BG	: 	: 	: 	: 	: 	: 	: 	: 	576 	553 	427 	385 	348 	354 	371 	379 	428 	420 	339 	351 	284 	322 
RD_RUR,NR,CH	: 	269 	273 	317 	268 	247 	215 	196 	195 	178 	190 	165 	151 	133 	138 	113 	109 	118 	111 	98 	105 	102 
RD_RUR,NR,CY	: 	: 	: 	: 	: 	28 	24 	27 	18 	22 	10 	24 	17 	12 	8 	14 	10 	10 	15 	17 	15 	: 
RD_RUR,NR,CZ	828 	765 	807 	843 	799 	738 	599 	731 	602 	547 	483 	472 	455 	388 	431 	483 	356 	359 	404 	400 	332 	323 
RD_RUR,NR,DE	4767 	4481 	4301 	4156 	3664 	3228 	3062 	3012 	2721 	2452 	2207 	2441 	2151 	1934 	2019 	1997 	1853 	1795 	1867 	1758 	1592 	1498 
RD_RUR,NR,DK	288 	268 	289 	287 	222 	205 	189 	253 	246 	187 	151 	139 	100 	120 	122 	100 	120 	110 	101 	121 	97 	74 
RD_RUR,NR,EE	: 	: 	: 	: 	: 	124 	158 	133 	91 	79 	65 	76 	: 	: 	56 	: 	51 	34 	54 	35 	42 	44 
RD_RUR,NR,EL	1282 	964 	847 	831 	788 	789 	736 	748 	689 	702 	578 	501 	432 	336 	338 	352 	352 	337 	272 	268 	225 	272 
RD_RUR,NR,ES	4338 	3380 	3316 	3405 	2906 	2786 	2586 	2456 	1965 	1658 	1500 	1261 	1140 	937 	954 	971 	964 	1013 	994 	896 	751 	800 
RD_RUR,NR,EU27_2020	27956 	26074 	25563 	24999 	23499 	22190 	21024 	21157 	19801 	17736 	15828 	15266 	14024 	12597 	12624 	12888 	12760 	12424 	12358 	11876 p	9799 p	10118 p
RD_RUR,NR,FI	280 	309 	294 	271 	276 	268 	226 	285 	227 	191 	205 	207 	186 	193 	159 	189 	188 	173 	172 	169 	152 	160 
RD_RUR,NR,FR	5290 	5386 	5067 	3941 	3673 	3331 	3071 	2988 	2807 	2796 	2621 	2599 	2404 	2098 	2171 	2175 	2188 	2156 	2015 	1943 	1497 	1732 
RD_RUR,NR,HR	: 	: 	: 	: 	: 	: 	: 	226 	183 	189 	128 	143 	121 	117 	95 	112 	97 	123 	114 	115 	76 	93 
RD_RUR,NR,HU	: 	: 	: 	790 	760 	729 	740 	666 	523 	483 	424 	355 	364 	329 	362 	349 	346 	362 	349 	331 	275 	300 
RD_RUR,NR,IE	288 	304 	269 	240 	263 	318 	292 	251 	216 	178 	159 	139 	112 	145 	127 	121 	124 	107 	78 	: 	: 	: 
RD_RUR,NR,IS	: 	: 	27 	17 	15 	16 	21 	14 	7 	12 	4 	9 	7 	11 	4 	13 	13 	9 	16 	6 	7 	5 
RD_RUR,NR,IT	3130 	2972 	3096 	3106 	2878 	2653 	2585 	2336 	2203 	1995 	1956 	1778 	1821 	1652 	1589 	1621 	1546 	1615 	1603 	1532 	1139 	1365 
RD_RUR,NR,LT	: 	: 	: 	: 	: 	: 	: 	: 	: 	: 	: 	: 	: 	: 	: 	: 	75 	95 	98 	91 	101 	69 
RD_RUR,NR,LU	47 	46 	30 	31 	26 	30 	26 	23 	20 	: 	: 	22 	20 	24 	23 	28 	19 	16 	26 	16 	15 	18 
RD_RUR,NR,LV	: 	: 	: 	: 	374 	317 	259 	254 	219 	186 	140 	126 	124 	126 	143 	144 	128 	92 	107 	92 	97 	: 
RD_RUR,NR,MT	: 	: 	: 	: 	: 	: 	: 	: 	: 	: 	: 	: 	: 	: 	: 	1 	9 	4 	5 	: 	12 	: 
RD_RUR,NR,NL	570 	534 	516 	531 	541 	485 	447 	439 	431 	332 	254 	266 	280 	203 	205 	305 	239 	236 	256 	274 	265 	254 
RD_RUR,NR,NO	: 	: 	: 	: 	: 	: 	: 	: 	: 	156 	166 	126 	: 	153 	117 	95 	107 	84 	81 	90 	70 	65 
RD_RUR,NR,PL	3370 	2949 	3025 	2953 	2922 	2917 	2839 	2981 	2903 	2358 	2067 	2193 	1875 	1736 	1680 	1629 	1701 	1523 	1559 	1662 	1352 	1299 
RD_RUR,NR,PT	996 	833 	854 	752 	619 	605 	429 	453 	368 	358 	342 	320 	263 	241 	241 	228 	223 	223 	263 	227 	172 	185 
RD_RUR,NR,RO	458 	603 	634 	711 	729 	714 	903 	979 	1122 	1015 	866 	731 	779 	677 	651 	720 	698 	694 	660 	608 	537 	629 
RD_RUR,NR,SE	404 	373 	387 	364 	319 	310 	312 	323 	281 	243 	170 	217 	178 	181 	158 	179 	168 	161 	217 	146 	131 	: 
RD_RUR,NR,SI	156 	163 	153 	136 	154 	157 	137 	162 	128 	77 	59 	74 	68 	56 	53 	66 	62 	44 	51 	61 	45 	57 
RD_RUR,NR,SK	: 	317 	331 	326 	316 	308 	308 	344 	312 	199 	200 	: 	: 	: 	: 	: 	156 	153 	155 	168 	134 	138 
RD_RUR,NR,UK	1931 	1952 	1934 	2004 	1855 	1831 	1787 	1697 	1401 	1206 	1196 	1216 	1086 	1124 	1142 	1093 	1151 	1131 	1084 	: 	: 	: 
RD_RUR,RT,AT	7.9 	7.3 	7.0 	7.4 	6.5 	5.8 	5.5 	5.4 	5.0 	4.8 	4.2 	4.0 	3.9 	3.6 	3.2 	3.6 	3.3 	3.0 	3.2 	3.2 	2.6 	2.6 
RD_RUR,RT,BE	8.1 	8.2 	7.6 	7.0 	7.1 	6.4 	6.1 	6.1 	5.0 	5.0 	4.3 	4.2 b	4.1 b	3.8 	3.5 	3.7 	3.3 	2.7 	2.7 	2.7 	2.0 	2.2 
RD_RUR,RT,BG	: 	: 	: 	: 	: 	: 	: 	: 	7.7 	7.4 	5.8 	5.2 	4.8 	4.9 	5.1 	5.3 	6.0 	5.9 	4.8 	5.0 	4.1 	4.7 
RD_RUR,RT,CH	: 	3.7 	3.7 	4.3 	3.6 	3.3 	2.9 	2.6 	2.5 	2.3 	2.4 	2.1 b	1.9 	1.6 	1.7 	1.4 	1.3 	1.4 	1.3 	1.1 	1.2 	1.2 
RD_RUR,RT,CY	: 	: 	: 	: 	: 	3.8 	3.2 	3.5 	2.3 	2.7 	1.2 	2.8 	2.0 	1.4 	0.9 	1.7 	1.2 	1.2 	1.7 	1.9 	1.7 	: 
RD_RUR,RT,CZ	8.1 	7.5 	7.9 	8.3 	7.8 	7.2 	5.9 	7.1 	5.8 	5.2 	4.6 	4.5 	4.3 	3.7 	4.1 	4.6 	3.4 	3.4 	3.8 	3.7 	3.1 	3.1 b
RD_RUR,RT,DE	5.8 	5.4 	5.2 	5.0 	4.4 	3.9 	3.7 	3.7 	3.3 	3.0 	2.7 	3.0 b	2.7 	2.4 	2.5 	2.4 	2.3 	2.2 	2.3 	2.1 	1.9 	1.8 
RD_RUR,RT,DK	5.4 	5.0 	5.4 	5.3 	4.1 	3.8 	3.5 	4.6 	4.5 	3.4 	2.7 	2.5 	1.8 	2.1 	2.2 	1.8 	2.1 	1.9 	1.7 	2.1 	1.7 	1.3 
RD_RUR,RT,EE	: 	: 	: 	: 	: 	9.2 	11.7 	9.9 	6.8 	5.9 	4.9 	5.7 	: 	: 	4.3 	: 	3.9 	2.6 	4.1 	2.6 	3.2 	3.3 
RD_RUR,RT,EL	11.9 	8.9 	7.8 	7.6 	7.2 	7.2 	6.7 	6.8 	6.2 	6.3 	5.2 	4.5 	3.9 	3.1 	3.1 	3.3 	3.3 	3.1 	2.5 	2.5 	2.1 	2.6 
RD_RUR,RT,ES	10.7 	8.3 	8.0 	8.1 	6.8 	6.4 	5.8 	5.4 	4.3 	3.6 	3.2 	2.7 	2.4 	2.0 	2.1 	2.1 	2.1 	2.2 	2.1 	1.9 	1.6 	1.7 
RD_RUR,RT,EU27_2020	6.5 b	6.1 b	5.9 	5.8 	5.4 	5.1 	4.8 	4.8 	4.5 b	4.0 	3.6 b	3.5 b	3.2 b	2.9 	2.8 b	2.9 b	2.9 	2.8 b	2.8 e	2.7 bep	2.2 ep	2.3 bep
RD_RUR,RT,FI	5.4 	6.0 	5.7 	5.2 	5.3 	5.1 	4.3 	5.4 	4.3 	3.6 	3.8 	3.8 	3.4 	3.5 	2.9 	3.4 	3.4 	3.1 	3.1 	3.1 	2.7 	2.9 
RD_RUR,RT,FR	8.7 	8.8 	8.2 	6.3 	5.9 	5.3 	4.8 	4.7 	4.4 	4.3 	4.0 	4.0 	3.7 	3.2 	3.3 b	3.3 	3.3 	3.2 	3.0 	2.9 p	2.2 p	2.6 p
RD_RUR,RT,HR	: 	: 	: 	: 	: 	: 	: 	5.2 	4.2 	4.4 	3.0 	3.3 	2.8 	2.8 	2.2 	2.7 	2.3 	3.0 	2.8 	2.8 	1.9 	2.4 
RD_RUR,RT,HU	: 	: 	: 	7.8 	7.5 	7.2 	7.3 	6.6 	5.2 	4.8 	4.2 	3.6 	3.7 b	3.3 	3.7 	3.5 	3.5 	3.7 	3.6 	3.4 	2.8 	3.1 
RD_RUR,RT,IE	7.6 	7.9 	6.8 	6.0 	6.5 	7.6 	6.8 	5.7 	4.8 	3.9 	3.5 	3.0 	2.4 	3.1 	2.7 	2.6 	2.6 	2.2 	1.6 e	: 	: 	: 
RD_RUR,RT,IS	: 	: 	9.4 	5.9 	5.1 	5.4 	6.9 	4.5 	2.2 	3.8 	1.3 	2.8 	2.2 	3.4 	1.2 	3.9 	3.9 	2.6 	4.5 	1.7 	1.9 	1.3 
RD_RUR,RT,IT	5.5 	5.2 	5.4 	5.4 	5.0 	4.6 	4.4 	4.0 	3.7 	3.4 	3.3 	3.0 	3.1 	2.7 	2.6 	2.7 	2.5 	2.7 	2.7 	2.6 b	1.9 	2.3 
RD_RUR,RT,LT	: 	: 	: 	: 	: 	: 	: 	: 	: 	: 	: 	: 	: 	: 	: 	: 	2.6 	3.4 	3.5 	3.3 	3.6 	2.5 
RD_RUR,RT,LU	10.8 	10.4 	6.7 	6.9 	5.7 	6.4 	5.5 	4.8 	4.1 	: 	: 	4.2 	3.8 b	4.4 	4.1 	4.9 	3.3 	2.7 b	4.3 	2.6 	2.4 	2.8 
RD_RUR,RT,LV	: 	: 	: 	: 	16.5 	14.2 	11.7 	11.5 	10.1 	8.7 	6.7 	6.1 	6.1 	6.3 	7.2 	7.3 	6.5 	4.7 	5.6 	4.8 	5.1 	: 
RD_RUR,RT,MT	: 	: 	: 	: 	: 	: 	: 	: 	: 	: 	: 	: 	: 	: 	: 	0.2 	2.0 	0.9 	1.0 	: 	2.3 	: 
RD_RUR,RT,NL	3.6 	3.3 	3.2 	3.3 	3.3 	3.0 	2.7 	2.7 	2.6 	2.0 	1.5 	1.6 	1.7 	1.2 	1.2 	1.8 	1.4 	1.4 	1.5 	1.6 	1.5 	1.4 
RD_RUR,RT,NO	: 	: 	: 	: 	: 	: 	: 	: 	: 	3.2 	3.4 	2.5 	: 	3.0 	2.3 	1.8 	2.0 	1.6 	1.5 	1.7 	1.3 	1.2 
RD_RUR,RT,PL	8.8 b	7.7 	7.9 	7.7 	7.7 	7.6 	7.4 	7.8 	7.6 	6.2 	5.4 b	5.8 	4.9 	4.6 	4.4 	4.3 	4.5 	4.0 	4.1 e	4.4 e	3.6 ep	3.4 ep
RD_RUR,RT,PT	9.7 	8.0 	8.2 	7.2 	5.9 	5.8 	4.1 	4.3 	3.5 	3.4 	3.2 	3.0 	2.5 	2.3 	2.3 	2.2 	2.2 	2.2 	2.6 	2.2 	1.7 	1.8 bp
RD_RUR,RT,RO	2.0 	2.7 	2.9 	3.3 	3.4 	3.3 	4.3 	4.7 	5.5 	5.0 	4.3 	3.6 	3.9 	3.4 	3.3 	3.6 	3.5 	3.5 	3.4 	3.1 e	2.8 e	3.3 e
RD_RUR,RT,SE	4.6 	4.2 	4.3 	4.1 	3.5 	3.4 	3.4 	3.5 	3.0 	2.6 	1.8 	2.3 	1.9 	1.9 	1.6 	1.8 	1.7 	1.6 	2.1 	1.4 	1.3 	: 
RD_RUR,RT,SI	7.8 	8.2 	7.7 	6.8 	7.7 	7.8 	6.8 	8.0 	6.3 b	3.8 	2.9 	3.6 	3.3 	2.7 	2.6 	3.2 	3.0 	2.1 	2.5 	2.9 	2.1 	2.7 
RD_RUR,RT,SK	: 	5.9 	6.2 	6.1 	5.9 	5.7 	5.7 	6.4 	5.8 	3.7 	3.7 	: 	: 	: 	: 	: 	2.9 	2.8 	2.8 	3.1 	2.5 	2.5 
RD_RUR,RT,UK	3.3 	3.3 	3.3 	3.4 	3.1 	3.0 	2.9 	2.8 	2.3 	1.9 	1.9 	1.9 	1.7 	1.8 	1.8 	1.7 	1.8 	1.7 	1.6 	: 	: 	: 
RD_URB,NR,AT	217 	216 	265 	223 	232 	202 	200 	173 	189 	173 	141 	139 	151 	115 	123 	128 	110 	107 	102 	104 	89 	99 
RD_URB,NR,BE	403 	453 	353 	350 	295 	255 	265 	275 	274 	257 	249 	285 	233 	200 	231 	231 	194 	203 	197 	214 	180 	179 
RD_URB,NR,BG	: 	: 	: 	: 	: 	: 	: 	: 	447 	312 	312 	235 	233 	227 	251 	269 	238 	200 	213 	232 	144 	164 
RD_URB,NR,CH	: 	204 	164 	171 	191 	137 	124 	141 	135 	137 	114 	133 	125 	113 	93 	119 	88 	87 	103 	65 	104 	83 
RD_URB,NR,CY	: 	: 	: 	: 	: 	61 	53 	49 	57 	42 	42 	40 	31 	30 	34 	37 	35 	38 	26 	32 	29 	: 
RD_URB,NR,CZ	613 	525 	570 	556 	525 	503 	427 	442 	444 	329 	291 	280 	265 	241 	234 	220 	215 	193 	217 	187 	154 	187 
RD_URB,NR,DE	1829 	1726 	1684 	1646 	1484 	1471 	1384 	1335 	1261 	1225 	1011 	1115 	1062 	977 	983 	1048 	960 	976 	984 	932 	810 	746 
RD_URB,NR,DK	181 	125 	126 	114 	120 	95 	101 	129 	129 	92 	78 	69 	59 	59 	46 	62 	66 	53 	49 	64 	52 	45 
RD_URB,NR,EE	: 	: 	: 	: 	: 	46 	46 	63 	41 	19 	14 	25 	: 	: 	22 	: 	20 	14 	13 	17 	17 	11 
RD_URB,NR,EL	694 	830 	718 	716 	766 	758 	774 	724 	744 	646 	593 	559 	499 	464 	401 	388 	427 	340 	367 	370 	325 	314 
RD_URB,NR,ES	1061 	960 	900 	912 	894 	779 	724 	728 	621 	576 	539 	446 	452 	440 	437 	441 	519 	509 	489 	519 	395 	417 
RD_URB,NR,EU27_2020	16897 	16676 	16040 	15279 	14999 	14902 	13845 	14221 	14155 	12521 	11197 	10768 	9848 	9120 	9112 	8891 	9101 	8982 	8939 	8777 p	7407 p	7520 p
RD_URB,NR,FI	103 	113 	105 	101 	82 	101 	93 	81 	108 	76 	63 	74 	56 	57 	62 	75 	63 	57 	62 	36 	62 	57 
RD_URB,NR,FR	2252 	2268 	2045 	1661 	1526 	1664 	1346 	1359 	1235 	1252 	1133 	1096 	1027 	932 	993 	987 	1016 	1007 	963 	1034 	845 	956 
RD_URB,NR,HR	: 	: 	: 	: 	: 	: 	: 	328 	414 	316 	265 	252 	230 	213 	191 	220 	176 	186 	175 	164 	142 	163 
RD_URB,NR,HU	: 	: 	: 	478 	476 	502 	508 	505 	419 	301 	272 	234 	210 	232 	237 	261 	224 	229 	238 	223 	150 	186 
RD_URB,NR,IE	126 	104 	104 	89 	108 	80 	62 	77 	62 	56 	45 	38 	46 	35 	60 	34 	52 	43 	48 	: 	: 	: 
RD_URB,NR,IS	: 	: 	2 	6 	8 	3 	10 	1 	5 	5 	4 	3 	2 	4 	0 	3 	5 	7 	2 	0 	1 	4 
RD_URB,NR,IT	3167 	3351 	3083 	2746 	2596 	2588 	2494 	2269 	2070 	1892 	1782 	1744 	1602 	1428 	1505 	1502 	1463 	1467 	1401 	1331 	1061 	1264 
RD_URB,NR,LT	: 	: 	: 	: 	: 	: 	: 	: 	: 	: 	: 	: 	: 	: 	: 	: 	76 	84 	71 	89 	70 	69 
RD_URB,NR,LU	20 	17 	20 	16 	17 	13 	8 	9 	9 	10 	3 	7 	7 	15 	9 	5 	8 	6 	1 	3 	5 	5 
RD_URB,NR,LV	: 	: 	: 	: 	142 	125 	148 	165 	97 	68 	78 	53 	53 	53 	69 	44 	30 	44 	41 	40 	42 	: 
RD_URB,NR,MT	: 	: 	: 	: 	: 	17 	11 	12 	9 	15 	13 	: 	: 	: 	: 	10 	14 	15 	13 	: 	: 	: 
RD_URB,NR,NL	374 	335 	348 	346 	252 	254 	283 	270 	243 	227 	199 	233 	208 	201 	158 	126 	204 	217 	261 	232 	188 	205 
RD_URB,NR,NO	: 	: 	: 	: 	: 	: 	: 	: 	: 	54 	34 	41 	: 	31 	30 	22 	27 	21 	27 	18 	23 	15 
RD_URB,NR,PL	2880 	2528 	2761 	2653 	2755 	2495 	2349 	2549 	2499 	2171 	1813 	1959 	1652 	1581 	1466 	1248 	1275 	1238 	1251 	1177 	1084 	872 
RD_URB,NR,PT	717 	712 	689 	649 	552 	530 	442 	380 	409 	381 	484 	487 	397 	352 	347 	304 	302 	328 	380 	394 	305 	332 
RD_URB,NR,RO	1997 	1841 	1767 	1506 	1697 	1895 	1638 	1780 	1922 	1756 	1493 	1271 	1246 	1160 	1146 	1154 	1189 	1221 	1183 	1213 	1074 	1110 
RD_URB,NR,SE	162 	180 	146 	134 	125 	110 	106 	127 	99 	89 	67 	80 	87 	55 	67 	58 	74 	64 	77 	49 	60 	: 
RD_URB,NR,SI	101 	91 	81 	72 	83 	81 	92 	94 	73 	64 	60 	47 	42 	53 	40 	39 	43 	41 	26 	27 	29 	42 
RD_URB,NR,SK	: 	301 	275 	311 	272 	277 	291 	298 	280 	176 	157 	: 	: 	: 	: 	: 	108 	102 	91 	94 	95 	97 
RD_URB,NR,UK	1461 	1448 	1421 	1439 	1349 	1302 	1326 	1178 	1087 	1000 	597 	645 	632 	553 	631 	618 	618 	643 	656 	: 	: 	: 
RD_URB,RT,AT	2.7 	2.7 	3.3 	2.7 	2.8 	2.5 	2.4 	2.1 	2.3 	2.1 	1.7 	1.7 	1.8 	1.4 	1.4 	1.5 	1.3 	1.2 	1.2 	1.2 	1.0 	1.1 
RD_URB,RT,BE	3.9 	4.4 	3.4 	3.4 	2.8 	2.4 	2.5 	2.6 	2.6 	2.4 	2.3 	2.6 b	2.1 b	1.8 	2.1 	2.0 	1.7 	1.8 	1.7 	1.9 	1.6 	1.5 
RD_URB,RT,BG	: 	: 	: 	: 	: 	: 	: 	: 	6.0 	4.2 	4.2 	3.2 	3.2 	3.1 	3.5 	3.7 	3.3 	2.8 	3.0 	3.3 	2.1 	2.4 
RD_URB,RT,CH	: 	2.8 	2.3 	2.3 	2.6 	1.8 	1.7 	1.9 	1.8 	1.8 	1.5 	1.7 b	1.6 	1.4 	1.1 	1.4 	1.1 	1.0 	1.2 	0.8 	1.2 	1.0 
RD_URB,RT,CY	: 	: 	: 	: 	: 	8.3 	7.1 	6.4 	7.2 	5.2 	5.1 	4.7 	3.6 	3.5 	4.0 	4.4 	4.1 	4.4 	3.0 	3.6 	3.3 	: 
RD_URB,RT,CZ	6.0 	5.1 	5.6 	5.5 	5.1 	4.9 	4.2 	4.3 	4.3 	3.2 	2.8 	2.7 	2.5 	2.3 	2.2 	2.1 	2.0 	1.8 	2.0 	1.8 	1.4 	1.8 b
RD_URB,RT,DE	2.2 	2.1 	2.0 	2.0 	1.8 	1.8 	1.7 	1.6 	1.5 	1.5 	1.2 	1.4 b	1.3 	1.2 	1.2 	1.3 	1.2 	1.2 	1.2 	1.1 	1.0 	0.9 
RD_URB,RT,DK	3.4 	2.3 	2.3 	2.1 	2.2 	1.8 	1.9 	2.4 	2.3 	1.7 	1.4 	1.2 	1.1 	1.1 	0.8 	1.1 	1.2 	0.9 	0.8 	1.1 	0.9 	0.8 
RD_URB,RT,EE	: 	: 	: 	: 	: 	3.4 	3.4 	4.7 	3.1 	1.4 	1.1 	1.9 	: 	: 	1.7 	: 	1.5 	1.1 	1.0 	1.3 	1.3 	0.8 
RD_URB,RT,EL	6.4 	7.6 	6.6 	6.6 	7.0 	6.9 	7.0 	6.6 	6.7 	5.8 	5.3 	5.0 	4.5 	4.2 	3.7 	3.6 	4.0 	3.2 	3.4 	3.5 	3.0 	3.0 
RD_URB,RT,ES	2.6 	2.4 	2.2 	2.2 	2.1 	1.8 	1.6 	1.6 	1.4 	1.2 	1.2 	1.0 	1.0 	0.9 	0.9 	0.9 	1.1 	1.1 	1.0 	1.1 	0.8 	0.9 
RD_URB,RT,EU27_2020	3.9 b	3.9 b	3.7 	3.5 	3.5 	3.4 	3.2 	3.2 	3.2 b	2.8 	2.5 b	2.4 b	2.2 b	2.1 	2.1 b	2.0 b	2.0 	2.0 b	2.0 e	2.0 bep	1.7 ep	1.7 bep
RD_URB,RT,FI	2.0 	2.2 	2.0 	1.9 	1.6 	1.9 	1.8 	1.5 	2.0 	1.4 	1.2 	1.4 	1.0 	1.0 	1.1 	1.4 	1.1 	1.0 	1.1 	0.7 	1.1 	1.0 
RD_URB,RT,FR	3.7 	3.7 	3.3 	2.7 	2.4 	2.6 	2.1 	2.1 	1.9 	1.9 	1.7 	1.7 	1.6 	1.4 	1.5 b	1.5 	1.5 	1.5 	1.4 	1.5 p	1.3 p	1.4 p
RD_URB,RT,HR	: 	: 	: 	: 	: 	: 	: 	7.6 	9.6 	7.3 	6.2 	5.9 	5.4 	5.0 	4.5 	5.2 	4.2 	4.5 	4.3 	4.0 	3.5 	4.1 
RD_URB,RT,HU	: 	: 	: 	4.7 	4.7 	5.0 	5.0 	5.0 	4.2 	3.0 	2.7 	2.3 	2.1 b	2.3 	2.4 	2.7 	2.3 	2.3 	2.4 	2.3 	1.5 	1.9 
RD_URB,RT,IE	3.3 	2.7 	2.6 	2.2 	2.7 	1.9 	1.5 	1.8 	1.4 	1.2 	1.0 	0.8 	1.0 	0.8 	1.3 	0.7 	1.1 	0.9 	1.0 e	: 	: 	: 
RD_URB,RT,IS	: 	: 	0.7 	2.1 	2.7 	1.0 	3.3 	0.3 	1.6 	1.6 	1.3 	0.9 	0.6 	1.2 	0.0 	0.9 	1.5 	2.0 	0.6 	0.0 	0.3 	1.1 
RD_URB,RT,IT	5.6 	5.9 	5.4 	4.8 	4.5 	4.5 	4.3 	3.9 	3.5 	3.2 	3.0 	2.9 	2.7 	2.4 	2.5 	2.5 	2.4 	2.4 	2.3 	2.2 b	1.8 	2.1 
RD_URB,RT,LT	: 	: 	: 	: 	: 	: 	: 	: 	: 	: 	: 	: 	: 	: 	: 	: 	2.6 	3.0 	2.5 	3.2 	2.5 	2.5 
RD_URB,RT,LU	4.6 	3.9 	4.5 	3.5 	3.7 	2.8 	1.7 	1.9 	1.8 	2.0 	0.6 	1.4 	1.3 b	2.8 	1.6 	0.9 	1.4 	1.0 b	0.2 	0.5 	0.8 	0.8 
RD_URB,RT,LV	: 	: 	: 	: 	6.3 	5.6 	6.7 	7.5 	4.5 	3.2 	3.7 	2.6 	2.6 	2.6 	3.5 	2.2 	1.5 	2.3 	2.1 	2.1 	2.2 	: 
RD_URB,RT,MT	: 	: 	: 	: 	: 	4.2 	2.7 	3.0 	2.2 	3.6 	3.1 	: 	: 	: 	: 	2.2 	3.1 	3.2 	2.7 	: 	: 	: 
RD_URB,RT,NL	2.3 	2.1 	2.2 	2.1 	1.5 	1.6 	1.7 	1.6 	1.5 	1.4 	1.2 	1.4 	1.2 	1.2 	0.9 	0.7 	1.2 	1.3 	1.5 	1.3 	1.1 	1.2 
RD_URB,RT,NO	: 	: 	: 	: 	: 	: 	: 	: 	: 	1.1 	0.7 	0.8 	: 	0.6 	0.6 	0.4 	0.5 	0.4 	0.5 	0.3 	0.4 	0.3 
RD_URB,RT,PL	7.5 b	6.6 	7.2 	6.9 	7.2 	6.5 	6.2 	6.7 	6.6 	5.7 	4.8 b	5.1 	4.3 	4.2 	3.9 	3.3 	3.4 	3.3 	3.3 e	3.1 e	2.9 ep	2.3 ep
RD_URB,RT,PT	7.0 	6.9 	6.6 	6.2 	5.3 	5.0 	4.2 	3.6 	3.9 	3.6 	4.6 	4.6 	3.8 	3.4 	3.3 	2.9 	2.9 	3.2 	3.7 	3.8 	3.0 	3.2 bp
RD_URB,RT,RO	8.9 	8.3 	8.1 	7.0 	7.9 	8.9 	7.7 	8.5 	9.4 	8.6 	7.4 	6.3 	6.2 	5.8 	5.8 	5.8 	6.0 	6.2 	6.1 	6.3 e	5.6 e	5.8 e
RD_URB,RT,SE	1.8 	2.0 	1.6 	1.5 	1.4 	1.2 	1.2 	1.4 	1.1 	1.0 	0.7 	0.8 	0.9 	0.6 	0.7 	0.6 	0.7 	0.6 	0.8 	0.5 	0.6 	: 
RD_URB,RT,SI	5.1 	4.6 	4.1 	3.6 	4.2 	4.0 	4.6 	4.7 	3.6 b	3.1 	2.9 	2.3 	2.0 	2.6 	1.9 	1.9 	2.1 	2.0 	1.3 	1.3 	1.4 	2.0 
RD_URB,RT,SK	: 	5.6 	5.1 	5.8 	5.1 	5.2 	5.4 	5.5 	5.2 	3.3 	2.9 	: 	: 	: 	: 	: 	2.0 	1.9 	1.7 	1.7 	1.7 	1.8 
RD_URB,RT,UK	2.5 	2.4 	2.4 	2.4 	2.2 	2.2 	2.2 	1.9 	1.8 	1.6 	1.0 	1.0 	1.0 	0.9 	1.0 	0.9 	0.9 	1.0 	1.0 	: 	: 	: 
TOTAL,NR,AT	976 	958 	956 	931 	878 	768 	730 	691 	679 	633 	552 	523 	531 	455 	430 	479 	432 	414 	409 	416 	344 	362 
TOTAL,NR,BE	1470 	1486 	1306 	1213 	1162 	1089 	1069 	1071 	944 	944 	850 	884 	827 	764 	745 	762 	670 	609 	604 	646 	499 	516 
TOTAL,NR,BG	1012 	1011 	959 	960 	943 	957 	1043 	1006 	1061 	901 	776 	656 	601 	601 	661 	708 	708 	682 	610 	628 	463 	561 
TOTAL,NR,CH	592 	544 	513 	546 	510 	409 	370 	384 	357 	349 	327 	320 	339 	269 	243 	253 	216 	230 	233 	187 	227 	200 
TOTAL,NR,CY	111 	98 	94 	97 	117 	102 	86 	89 	82 	71 	60 	71 	51 	44 	45 	57 	46 	53 	49 	52 	48 	45 
TOTAL,NR,CZ	1486 	1333 	1430 	1447 	1382 	1286 	1063 	1221 	1076 	901 	802 	773 	742 	654 	688 	734 	611 	577 	656 	618 	518 	532 
TOTAL,NR,DE	7503 	6977 	6842 	6613 	5842 	5361 	5091 	4949 	4477 	4152 	3648 	4009 	3600 	3339 	3377 	3459 	3206 	3180 	3275 	3046 	2719 	2562 
TOTAL,NR,DK	498 	431 	463 	432 	369 	331 	306 	406 	406 	303 	255 	220 	167 	191 	182 	178 	211 	175 	171 	199 	163 	130 
TOTAL,NR,EE	204 	199 	223 	164 	170 	170 	204 	196 	132 	98 	79 	101 	87 	81 	78 	67 	71 	48 	67 	52 	59 	55 
TOTAL,NR,EL	2037 	1880 	1634 	1605 	1670 	1658 	1657 	1612 	1553 	1456 	1258 	1141 	988 	879 	795 	793 	824 	731 	700 	688 	584 	624 
TOTAL,NR,ES	5746 	5478 	5312 	5373 	4715 	4406 	4069 	3785 	3064 	2687 	2444 	2042 	1889 	1667 	1680 	1689 	1810 	1830 	1806 	1755 	1370 	1533 
TOTAL,NR,EU27_2020	53410 	51282 	50343 	47331 	44466 	42552 	40365 	40038 	36880 	32978 	29576 	28730 	26487 	24213 	24132 	24358 	23808 	23392 	23328 	22756 	18835 	19917 
TOTAL,NR,FI	396 	433 	415 	379 	375 	379 	336 	380 	344 	279 	272 	292 	255 	258 	229 	270 	258 	238 	239 	211 	223 	225 
TOTAL,NR,FR	8059 	8136 	7630 	6034 	5506 	5318 	4709 	4620 	4275 	4273 	3992 	3963 	3653 	3268 	3384 	3459 	3471 	3444 	3246 	3237 	2538 	2931 
TOTAL,NR,HR	655 	647 	627 	701 	608 	597 	614 	619 	664 	548 	426 	418 	393 	368 	308 	348 	307 	331 	317 	297 	237 	292 
TOTAL,NR,HU	1200 	1239 	1429 	1326 	1296 	1278 	1303 	1232 	996 	822 	740 	638 	605 	591 	626 	644 	607 	625 	633 	602 	460 	544 
TOTAL,NR,IE	418 	412 	378 	337 	377 	400 	365 	338 	280 	238 	212 	186 	163 	188 	192 	162 	182 	154 	135 	140 	146 	137 
TOTAL,NR,IS	32 	24 	29 	23 	23 	19 	31 	15 	12 	17 	8 	12 	9 	15 	4 	16 	18 	16 	18 	6 	8 	9 
TOTAL,NR,IT	7061 	7096 	6980 	6563 	6122 	5818 	5669 	5131 	4725 	4237 	4114 	3860 	3753 	3401 	3381 	3428 	3283 	3378 	3334 	3173 	2395 	2875 
TOTAL,NR,LI	3 	2 	0 	5 	1 	2 	0 	0 	1 	1 	0 	2 	1 	2 	3 	2 	0 	2 	0 	0 	: 	: 
TOTAL,NR,LT	641 	706 	697 	709 	752 	773 	760 	740 	499 	370 	299 	296 	302 	256 	267 	242 	188 	191 	173 	186 	175 	148 
TOTAL,NR,LU	76 	70 	62 	53 	50 	47 	43 	46 	35 	48 	32 	33 	34 	45 	35 	36 	32 	25 	36 	22 	26 	24 
TOTAL,NR,LV	635 	558 	559 	532 	516 	442 	407 	419 	316 	254 	218 	179 	177 	179 	212 	188 	158 	136 	148 	132 	139 	147 
TOTAL,NR,MT	15 	16 	16 	16 	13 	17 	11 	12 	9 	15 	13 	16 	9 	17 	10 	11 	23 	19 	18 	16 	12 	9 
TOTAL,NR,NL	1082 	993 	987 	1028 	804 	750 	730 	709 	677 	644 	537 	546 	562 	476 	476 	531 	533 	535 	598 	586 	515 	509 
TOTAL,NR,NO	341 	275 	310 	280 	257 	224 	242 	233 	255 	212 	208 	168 	145 	187 	147 	117 	135 	106 	108 	108 	93 	80 
TOTAL,NR,PL	6294 	5534 	5826 	5642 	5712 	5444 	5243 	5583 	5437 	4572 	3908 	4189 	3571 	3357 	3202 	2938 	3026 	2831 	2862 	2909 	2491 	2245 
TOTAL,NR,PT	1836 	1655 	1653 	1523 	1283 	1228 	949 	958 	867 	823 	937 	891 	718 	637 	638 	593 	563 	602 	700 	688 	536 	561 
TOTAL,NR,RO	2466 	2450 	2411 	2229 	2442 	2629 	2587 	2800 	3065 	2796 	2377 	2018 	2042 	1861 	1818 	1893 	1913 	1951 	1867 	1864 	1644 	1779 
TOTAL,NR,SE	591 	583 	560 	529 	480 	440 	445 	471 	397 	358 	266 	319 	285 	260 	270 	259 	270 	253 	324 	221 	204 	210 
TOTAL,NR,SI	314 	278 	269 	242 	274 	258 	262 	293 	214 	171 	138 	141 	130 	125 	108 	120 	130 	104 	91 	102 	80 	114 
TOTAL,NR,SK	628 	625 	625 	653 	608 	606 	614 	661 	606 	384 	371 	325 	352 	251 	295 	310 	275 	276 	260 	270 	247 	247 
TOTAL,NR,UK	3580 	3598 	3581 	3658 	3368 	3336 	3298 	3059 	2645 	2337 	1905 	1960 	1802 	1770 	1854 	1804 	1860 	1856 	1839 	: 	: 	: 
TOTAL,RT,AT	12.2 	11.9 	11.8 	11.5 	10.7 	9.3 	8.8 	8.3 	8.2 	7.6 	6.6 	6.2 	6.3 	5.4 	5.0 	5.5 	4.9 	4.7 	4.6 	4.7 	3.9 	4.0 
TOTAL,RT,BE	14.3 	14.4 	12.6 	11.7 	11.2 	10.4 	10.1 	10.1 	8.8 	8.7 	7.8 	8.0 b	7.4 b	6.8 	6.6 	6.8 	5.9 	5.4 	5.3 	5.6 	4.3 	4.5 
TOTAL,RT,BG	12.4 	12.6 	12.2 	12.3 	12.2 	12.5 	13.7 	13.3 	14.2 	12.1 	10.5 	8.9 	8.2 	8.3 	9.2 	9.9 	9.9 	9.6 	8.7 	9.0 	6.7 	8.2 
TOTAL,RT,CH	8.2 	7.5 	7.0 	7.4 	6.9 	5.5 	4.9 	5.1 	4.7 	4.5 	4.2 	4.0 b	4.2 	3.3 	3.0 	3.1 	2.6 	2.7 	2.7 	2.2 	2.6 	2.3 
TOTAL,RT,CY	16.0 	14.0 	13.2 	13.5 	16.1 	13.8 	11.5 	11.6 	10.4 	8.8 	7.2 	8.3 	5.9 	5.1 	5.3 	6.7 	5.4 	6.2 	5.6 	5.9 	5.4 	5.0 
TOTAL,RT,CZ	14.5 	13.0 	14.0 	14.2 	13.6 	12.6 	10.4 	11.9 	10.4 	8.6 	7.7 	7.4 	7.1 	6.2 	6.5 	7.0 	5.8 	5.4 	6.2 	5.8 	4.8 	5.1 b
TOTAL,RT,DE	9.1 	8.5 	8.3 	8.0 	7.1 	6.5 	6.2 	6.0 	5.5 	5.1 	4.5 	5.0 b	4.5 	4.1 	4.2 	4.2 	3.9 	3.8 	4.0 	3.7 	3.3 	3.1 
TOTAL,RT,DK	9.3 	8.0 	8.6 	8.0 	6.8 	6.1 	5.6 	7.4 	7.4 	5.5 	4.6 	3.9 	3.0 	3.4 	3.2 	3.1 	3.7 	3.0 	3.0 	3.4 	2.8 	2.2 
TOTAL,RT,EE	14.6 	14.3 	16.2 	12.0 	12.5 	12.5 	15.1 	14.6 	9.9 	7.3 	5.9 	7.6 	6.6 	6.1 	5.9 	5.1 b	5.4 	3.6 	5.1 	3.9 	4.4 	4.1 
TOTAL,RT,EL	18.9 	17.3 	15.0 	14.7 	15.2 	15.1 	15.0 	14.6 	14.0 	13.1 	11.3 	10.3 	8.9 	8.0 	7.3 	7.3 	7.6 	6.8 	6.5 	6.4 	5.5 	5.9 
TOTAL,RT,ES	14.2 	13.4 	12.8 	12.7 	11.0 	10.1 	9.2 	8.4 	6.7 	5.8 	5.2 	4.4 	4.0 	3.6 	3.6 	3.6 	3.9 	3.9 	3.9 	3.7 	2.9 	3.2 
TOTAL,RT,EU27_2020	12.5 b	11.9 b	11.7 	11.0 	10.3 	9.8 	9.2 	9.1 	8.4 b	7.5 	6.7 b	6.5 b	6.0 b	5.5 	5.4 b	5.5 b	5.3 	5.2 b	5.2 e	5.1 bep	4.2 ep	4.5 bep
TOTAL,RT,FI	7.7 	8.3 	8.0 	7.3 	7.2 	7.2 	6.4 	7.2 	6.5 	5.2 	5.1 	5.4 	4.7 	4.7 	4.2 	4.9 	4.7 	4.3 	4.3 	3.8 	4.0 	4.1 
TOTAL,RT,FR	13.3 	13.3 	12.4 	9.7 	8.8 	8.4 	7.4 	7.2 	6.7 	6.6 	6.2 	6.1 	5.6 	5.0 	5.1 b	5.2 	5.2 	5.1 	4.8 	4.8 p	3.8 p	4.3 p
TOTAL,RT,HR	14.7 e	15.0 b	14.6 	16.3 	14.1 	13.8 	14.2 	14.4 	15.4 	12.7 	9.9 	9.8 	9.2 	8.6 	7.3 	8.3 	7.4 	8.0 	7.7 	7.3 	5.9 	7.4 
TOTAL,RT,HU	11.8 	12.2 	14.1 	13.1 	12.8 	12.7 	12.9 	12.3 	9.9 	8.2 	7.4 	6.4 	6.1 b	6.0 	6.3 	6.5 	6.2 	6.4 	6.5 	6.2 	4.7 	5.6 
TOTAL,RT,IE	11.0 	10.7 	9.6 	8.4 	9.3 	9.6 	8.5 	7.7 	6.2 	5.2 	4.6 	4.1 	3.5 	4.1 	4.1 	3.4 	3.8 	3.2 	2.8 e	2.8 e	2.9 	2.7 
TOTAL,RT,IS	11.4 	8.4 	10.1 	7.9 	7.9 	6.4 	10.2 	4.8 	3.8 	5.3 	2.5 	3.8 	2.8 	4.6 	1.2 	4.8 	5.4 	4.7 	5.1 	1.7 	2.2 	2.4 
TOTAL,RT,IT	12.4 	12.5 	12.2 	11.5 	10.6 	10.0 	9.7 	8.8 	8.0 	7.2 	6.9 	6.5 	6.3 	5.6 	5.6 	5.6 	5.4 	5.6 	5.5 	5.3 b	4.0 	4.9 
TOTAL,RT,LI	9.2 	6.0 	0.0 	14.7 	2.9 	5.8 	0.0 	0.0 	2.8 	2.8 	0.0 	5.5 	2.7 	5.4 	8.1 	5.3 	0.0 	5.3 	0.0 	0.0 	: 	: 
TOTAL,RT,LT	18.3 	20.3 	20.2 	20.8 	22.3 	23.3 	23.2 	22.9 	15.6 	11.7 	9.7 	9.8 	10.1 	8.7 	9.1 	8.3 	6.6 	6.8 	6.2 	6.7 	6.3 	5.3 
TOTAL,RT,LU	17.4 	15.9 	13.9 	11.7 	10.9 	10.1 	9.1 	9.6 	7.2 	9.6 	6.3 	6.4 	6.4 b	8.3 	6.3 	6.3 	5.5 	4.2 b	5.9 	3.5 	4.1 	3.7 
TOTAL,RT,LV	26.8 	23.9 	24.2 	23.3 	22.8 	19.7 	18.3 	19.0 	14.5 	11.9 	10.4 	8.7 	8.7 	8.9 	10.6 	9.5 	8.1 	7.0 	7.7 	6.9 	7.3 	7.8 
TOTAL,RT,MT	3.8 	4.1 	4.0 	4.0 	3.2 	4.2 	2.7 	3.0 	2.2 	3.6 	3.1 	3.8 	2.1 	4.0 	2.3 	2.5 	5.1 	4.1 	3.7 	3.2 	2.3 	1.7 
TOTAL,RT,NL	6.8 	6.2 	6.1 	6.3 	4.9 	4.6 	4.5 	4.3 	4.1 	3.9 	3.2 	3.3 	3.4 	2.8 	2.8 	3.1 	3.1 	3.1 	3.5 	3.4 	3.0 	2.9 
TOTAL,RT,NO	7.6 	6.1 	6.8 	6.1 	5.6 	4.8 	5.2 	4.9 	5.3 	4.4 	4.3 	3.4 	2.9 	3.7 	2.9 	2.3 	2.6 	2.0 	2.0 	2.0 	1.7 	1.5 
TOTAL,RT,PL	16.5 b	14.5 	15.2 	14.8 	15.0 	14.3 	13.7 	14.6 	14.3 	12.0 	10.3 b	11.0 	9.4 	8.8 	8.4 	7.7 	8.0 	7.5 	7.5 e	7.7 e	6.6 ep	5.9 ep
TOTAL,RT,PT	17.8 	16.0 	15.9 	14.6 	12.2 	11.7 	9.0 	9.1 	8.2 	7.8 	8.9 	8.4 	6.8 	6.1 	6.1 	5.7 	5.5 	5.8 	6.8 	6.7 	5.2 	5.4 bp
TOTAL,RT,RO	11.0 	11.1 	11.1 	10.3 	11.4 	12.3 	12.2 	13.4 	14.9 	13.7 	11.7 	10.0 	10.2 	9.3 	9.1 	9.6 	9.7 	10.0 	9.6 	9.6 e	8.5 e	9.3 e
TOTAL,RT,SE	6.7 	6.6 	6.3 	5.9 	5.3 	4.9 	4.9 	5.1 	4.3 	3.9 	2.8 	3.4 	3.0 	2.7 	2.8 	2.6 	2.7 	2.5 	3.2 	2.2 	2.0 	2.0 
TOTAL,RT,SI	15.8 	14.0 	13.5 	12.1 	13.7 	12.9 	13.1 	14.5 	10.6 b	8.4 	6.7 	6.9 	6.3 	6.1 	5.2 	5.8 	6.3 	5.0 	4.4 	4.9 	3.8 	5.4 
TOTAL,RT,SK	11.7 	11.6 	11.6 	12.2 	11.3 	11.3 	11.4 	12.3 	11.3 	7.1 	6.9 	6.0 	6.5 	4.6 	5.4 	5.7 	5.1 	5.1 	4.8 	5.0 	4.5 	4.5 
TOTAL,RT,UK	6.1 	6.1 	6.0 	6.1 	5.6 	5.5 	5.4 	5.0 	4.3 	3.8 	3.0 	3.1 	2.8 	2.8 	2.9 	2.8 	2.8 	2.8 	2.8 	: 	: 	: 
UNK,NR,BE	: 	: 	: 	0 	: 	: 	: 	: 	: 	: 	28 	10 	25 	7 	9 	6 	3 	1 	0 	4 	1 	0 
UNK,NR,BG	1012 	1011 	959 	960 	943 	957 	1043 	1006 	: 	: 	: 	: 	: 	: 	: 	: 	: 	: 	: 	: 	: 	0 
UNK,NR,CH	592 	: 	: 	: 	: 	: 	: 	: 	: 	: 	: 	: 	: 	: 	: 	: 	: 	: 	: 	: 	: 	: 
UNK,NR,CY	111 	98 	94 	97 	117 	: 	: 	: 	: 	: 	: 	: 	: 	: 	: 	: 	: 	: 	: 	: 	: 	45 
UNK,NR,EE	204 	199 	223 	164 	170 	: 	: 	: 	: 	: 	: 	: 	87 	81 	: 	67 	: 	: 	: 	: 	: 	: 
UNK,NR,EU27_2020	5101 	4474 	4604 	3180 	2614 	2338 	2421 	1749 	504 	381 	354 	655 	785 	633 	651 	653 	27 	9 	11 	171 p	161 p	551 p
UNK,NR,HR	655 	647 	627 	701 	608 	597 	614 	: 	: 	: 	: 	: 	: 	: 	: 	: 	: 	: 	: 	: 	: 	: 
UNK,NR,HU	1200 	1239 	1429 	: 	: 	: 	: 	: 	: 	: 	: 	: 	: 	: 	: 	: 	: 	: 	: 	: 	: 	: 
UNK,NR,IE	: 	: 	: 	: 	: 	: 	: 	: 	: 	: 	: 	: 	: 	: 	: 	: 	: 	: 	: 	140 	146 	137 
UNK,NR,IS	32 	24 	: 	: 	: 	: 	: 	: 	: 	: 	: 	: 	: 	: 	: 	: 	: 	: 	: 	: 	: 	: 
UNK,NR,LI	3 	2 	0 	5 	1 	2 	0 	0 	1 	1 	0 	2 	1 	2 	3 	2 	0 	2 	0 	0 	: 	: 
UNK,NR,LT	641 	706 	697 	709 	752 	773 	760 	740 	499 	370 	299 	296 	302 	256 	267 	242 	: 	: 	: 	: 	: 	: 
UNK,NR,LU	: 	: 	: 	: 	: 	0 	3 	3 	0 	2 	0 	: 	: 	: 	: 	: 	: 	: 	: 	: 	: 	: 
UNK,NR,LV	635 	558 	559 	532 	: 	: 	: 	: 	: 	: 	: 	: 	: 	: 	: 	: 	: 	: 	: 	: 	: 	147 
UNK,NR,MT	15 	16 	16 	16 	13 	: 	: 	: 	: 	: 	: 	16 	9 	17 	10 	0 	: 	: 	: 	16 	: 	9 
UNK,NR,NL	: 	: 	: 	: 	11 	11 	0 	0 	3 	2 	21 	4 	6 	15 	56 	21 	13 	0 	5 	5 	7 	3 
UNK,NR,NO	341 	275 	310 	280 	257 	224 	242 	233 	255 	2 	8 	1 	145 	3 	0 	0 	1 	1 	0 	0 	0 	0 
UNK,NR,PL	: 	: 	: 	: 	: 	: 	0 	: 	: 	: 	: 	: 	: 	: 	: 	: 	: 	: 	: 	: 	: 	: 
UNK,NR,SE	: 	: 	: 	1 	0 	0 	1 	0 	2 	7 	6 	4 	4 	6 	14 	7 	11 	8 	6 	6 	7 	210 
UNK,NR,SK	628 	: 	: 	: 	: 	: 	: 	: 	: 	: 	: 	325 	352 	251 	295 	310 	: 	0 	: 	0 	0 	: 
UNK,RT,BE	: 	: 	: 	0.0 	: 	: 	: 	: 	: 	: 	0.3 	0.1 b	0.2 b	0.1 	0.1 	0.1 	0.0 	0.0 	0.0 	0.0 	0.0 	0.0 
UNK,RT,BG	12.4 	12.6 	12.2 	12.3 	12.2 	12.5 	13.7 	13.3 	: 	: 	: 	: 	: 	: 	: 	: 	: 	: 	: 	: 	: 	0.0 
UNK,RT,CH	8.2 	: 	: 	: 	: 	: 	: 	: 	: 	: 	: 	: 	: 	: 	: 	: 	: 	: 	: 	: 	: 	: 
UNK,RT,CY	16.0 	14.0 	13.2 	13.5 	16.1 	: 	: 	: 	: 	: 	: 	: 	: 	: 	: 	: 	: 	: 	: 	: 	: 	5.0 
UNK,RT,EE	14.6 	14.3 	16.2 	12.0 	12.5 	: 	: 	: 	: 	: 	: 	: 	6.6 	6.1 	: 	5.1 b	: 	: 	: 	: 	: 	: 
UNK,RT,EU27_2020	1.2 b	1.0 b	1.1 	0.7 	0.6 	0.5 	0.6 	0.4 	0.1 b	0.1 	0.1 b	0.1 b	0.2 b	0.1 	0.1 b	0.1 b	0.0 	0.0 b	0.0 e	0.0 bep	0.0 ep	0.1 bep
UNK,RT,HR	14.7 e	15.0 b	14.6 	16.3 	14.1 	13.8 	14.2 	: 	: 	: 	: 	: 	: 	: 	: 	: 	: 	: 	: 	: 	: 	: 
UNK,RT,HU	11.8 	12.2 	14.1 	: 	: 	: 	: 	: 	: 	: 	: 	: 	: 	: 	: 	: 	: 	: 	: 	: 	: 	: 
UNK,RT,IE	: 	: 	: 	: 	: 	: 	: 	: 	: 	: 	: 	: 	: 	: 	: 	: 	: 	: 	: 	2.8 e	2.9 	2.7 
UNK,RT,IS	11.4 	8.4 	: 	: 	: 	: 	: 	: 	: 	: 	: 	: 	: 	: 	: 	: 	: 	: 	: 	: 	: 	: 
UNK,RT,LI	9.2 	6.0 	0.0 	14.7 	2.9 	5.8 	0.0 	0.0 	2.8 	2.8 	0.0 	5.5 	2.7 	5.4 	8.1 	5.3 	0.0 	5.3 	0.0 	0.0 	: 	: 
UNK,RT,LT	18.3 	20.3 	20.2 	20.8 	22.3 	23.3 	23.2 	22.9 	15.6 	11.7 	9.7 	9.8 	10.1 	8.7 	9.1 	8.3 	: 	: 	: 	: 	: 	: 
UNK,RT,LU	: 	: 	: 	: 	: 	0.0 	0.6 	0.6 	0.0 	0.4 	0.0 	: 	: 	: 	: 	: 	: 	: 	: 	: 	: 	: 
UNK,RT,LV	26.8 	23.9 	24.2 	23.3 	: 	: 	: 	: 	: 	: 	: 	: 	: 	: 	: 	: 	: 	: 	: 	: 	: 	7.8 
UNK,RT,MT	3.8 	4.1 	4.0 	4.0 	3.2 	: 	: 	: 	: 	: 	: 	3.8 	2.1 	4.0 	2.3 	0.0 	: 	: 	: 	3.2 	: 	1.7 
UNK,RT,NL	: 	: 	: 	: 	0.1 	0.1 	0.0 	0.0 	0.0 	0.0 	0.1 	0.0 	0.0 	0.1 	0.3 	0.1 	0.1 	0.0 	0.0 	0.0 	0.0 	0.0 
UNK,RT,NO	7.6 	6.1 	6.8 	6.1 	5.6 	4.8 	5.2 	4.9 	5.3 	0.0 	0.2 	0.0 	2.9 	0.1 	0.0 	0.0 	0.0 	0.0 	0.0 	0.0 	0.0 	0.0 
UNK,RT,PL	: 	: 	: 	: 	: 	: 	0.0 	: 	: 	: 	: 	: 	: 	: 	: 	: 	: 	: 	: 	: 	: 	: 
UNK,RT,SE	: 	: 	: 	0.0 	0.0 	0.0 	0.0 	0.0 	0.0 	0.1 	0.1 	0.0 	0.0 	0.1 	0.1 	0.1 	0.1 	0.1 	0.1 	0.1 	0.1 	2.0 
UNK,RT,SK	11.7 	: 	: 	: 	: 	: 	: 	: 	: 	: 	: 	6.0 	6.5 	4.6 	5.4 	5.7 	: 	0.0 	: 	0.0 	0.0 	: 
